DataKey,label,(times),DATE,SPAD,LAI,oldTotEarNum,totEarWeight,totEarNum,totalSeedNum,totalSeedWeightBeforeDry,totalSeedWeightAfterDry
202503010913_1,1,0,1/3/2025,,,594,978.48,428,14332,509.1,509.1
202503010913_2,2,0,1/3/2025,,,442,752.59,329,12649,455.2,455.2
202503010913_3,3,0,1/3/2025,,,340,724.59,317,8320,271.5,271.5
202503010913_4,4,0,1/3/2025,,,436,865.89,379,12101,439.2,439.2
202503010913_5,5,0,1/3/2025,,,438,986.5,432,16232,568.8,568.8
202503010913_6,6,0,1/3/2025,,,541,1200.58,525,18793,665.4,665.4
202503010913_7,7,0,1/3/2025,,,322,737.74,323,18140,642.7,642.7
202503010913_8,8,0,1/3/2025,,,452,1029.47,450,11306,375.9,375.9
202503010913_9,9,0,1/3/2025,,,560,1186.72,519,8326,295.2,295.2
202503010913_10,10,0,1/3/2025,,,487,938.33,411,14029,518.5,518.5
202503010913_11,11,0,1/3/2025,,,437,1334.87,584,19844,774,774
202503010913_12,12,0,1/3/2025,,,446,828.36,362,12197,441.9,441.9
202503010913_13,13,0,1/3/2025,,,390,972.23,425,15863,569,569
202503010913_14,14,0,1/3/2025,,,371,1076.89,471,16373,639.9,639.9
202503010913_15,15,0,1/3/2025,,,530,1380.04,604,18955,795.1,795.1
202503010913_16,16,0,1/3/2025,,,325,760,333,11706,466.3,466.3
202503010913_17,17,0,1/3/2025,,,406,1036.17,453,16574,679.5,679.5
202503010913_18,18,0,1/3/2025,,,376,835.77,366,10869,425.1,425.1
202503010913_19,19,0,1/3/2025,,,481,872.05,382,13736,492.5,492.5
202503010913_20,20,0,1/3/2025,,,399,915.38,401,11978,461.4,461.4
202503010913_21,21,0,1/3/2025,,,434,866.14,379,11435,410,410
202503010913_22,22,0,1/3/2025,,,328,599.87,262,8056,268.3,268.3
202503010913_23,23,0,1/3/2025,,,347,1019.55,446,12866,490.1,490.1
202503010913_24,24,0,1/3/2025,,,588,1185.78,519,14804,612.5,612.5
202503010913_25,25,0,1/3/2025,,,435,826.52,362,11871,452.2,452.2
202503010913_26,26,0,1/3/2025,,,407,1048.12,459,13984,534.9,534.9
202503010913_27,27,0,1/3/2025,,,424,658.45,288,9040,332.1,332.1
202503010913_28,28,0,1/3/2025,,,419,1048.12,459,14474,6147,6147
202503010913_29,29,0,1/3/2025,,,518,1170,512,18380,741.1,741.1
202503010913_30,30,0,1/3/2025,,,488,1157.54,507,9398,334.6,334.6
202503010913_31,31,0,1/3/2025,,,340,798.88,350,11297,519.6,519.6
202503010913_32,32,0,1/3/2025,,,459,828.36,362,12643,517.2,517.2
202503010913_33,33,0,1/3/2025,,,448,648.27,284,10003,400,400
202503010913_34,34,0,1/3/2025,,,311,637.96,279,8979,332.6,332.6
202503010913_35,35,0,1/3/2025,,,397,845.38,370,13305,499.3,499.3
202503010913_36,36,0,1/3/2025,,,367,594.23,260,9285,332.5,332.5
202503010913_37,37,0,1/3/2025,,,312,698.66,306,9013,375.9,375.9
202503010913_38,38,0,1/3/2025,,,391,591.29,259,9243,381,381
202503010913_39,39,0,1/3/2025,,,245,567.4,248,18379,723.5,723.5
202503010913_40,40,0,1/3/2025,,,309,841.91,368,9991,411,411
202503010913_41,41,0,1/3/2025,,,397,1124.94,492,11808,484.4,484.4
202503010913_42,42,0,1/3/2025,,,209,514.68,225,7241,270.8,270.8
202503010913_43,43,0,1/3/2025,,,413,798.73,350,11845,473.8,473.8
202503010913_44,44,0,1/3/2025,,,212,461.12,202,7199,276.2,276.2
202503010913_45,45,0,1/3/2025,,,453,668.91,293,18130,728.9,728.9
202503010913_46,46,0,1/3/2025,,,357,706.24,309,10792,376.7,376.7
202503010913_47,47,0,1/3/2025,,,360,968.87,424,14939,561.7,561.7
202503010913_48,48,0,1/3/2025,,,287,790,346,13025,504.3,504.3
202503010913_49,49,0,1/3/2025,,,321,867,379,12236,483.9,483.9
202503010913_50,50,0,1/3/2025,,,288,985.59,431,14786,586.9,586.9
202503010913_51,51,0,1/3/2025,,,420,957.22,419,14298,556.5,556.5
202503010913_52,52,0,1/3/2025,,,369,791.43,346,9911,402.8,402.8
202503010913_53,53,0,1/3/2025,,,409,823.26,360,11703,477,477
202503010913_54,54,0,1/3/2025,,,343,733.45,321,11065,428.4,428.4
202503010913_55,55,0,1/3/2025,,,373,737.68,323,12514,528.2,528.2
202503010913_56,56,0,1/3/2025,,,330,874.83,383,11094,456.3,456.3
202503010913_57,57,0,1/3/2025,,,342,894.64,391,13015,511.6,511.6
202503010913_58,58,0,1/3/2025,,,283,940.89,412,15276,620.4,620.4
202503010913_59,59,0,1/3/2025,,,390,583.37,255,8387,340.8,340.8
202503010913_60,60,0,1/3/2025,,,319,964.19,422,15682,634.4,634.4
202503111011_1,1,1,11/3/2025,49.0,,594,978.48,428,14332,509.1,509.1
202503111011_2,2,1,11/3/2025,56.4,,442,752.59,329,12649,455.2,455.2
202503111011_3,3,1,11/3/2025,51.0,,340,724.59,317,8320,271.5,271.5
202503111011_4,4,1,11/3/2025,53.2,,436,865.89,379,12101,439.2,439.2
202503111011_5,5,1,11/3/2025,54.4,,438,986.5,432,16232,568.8,568.8
202503111011_6,6,1,11/3/2025,52.8,,541,1200.58,525,18793,665.4,665.4
202503111011_7,7,1,11/3/2025,55.8,,322,737.74,323,18140,642.7,642.7
202503111011_8,8,1,11/3/2025,50.6,,452,1029.47,450,11306,375.9,375.9
202503111011_9,9,1,11/3/2025,54.2,,560,1186.72,519,8326,295.2,295.2
202503111011_10,10,1,11/3/2025,56.4,,487,938.33,411,14029,518.5,518.5
202503111011_11,11,1,11/3/2025,51.6,,437,1334.87,584,19844,774,774
202503111011_12,12,1,11/3/2025,53.3,,446,828.36,362,12197,441.9,441.9
202503111011_13,13,1,11/3/2025,53.4,,390,972.23,425,15863,569,569
202503111011_14,14,1,11/3/2025,48.1,,371,1076.89,471,16373,639.9,639.9
202503111011_15,15,1,11/3/2025,58.3,,530,1380.04,604,18955,795.1,795.1
202503111011_16,16,1,11/3/2025,54.5,,325,760,333,11706,466.3,466.3
202503111011_17,17,1,11/3/2025,59.1,,406,1036.17,453,16574,679.5,679.5
202503111011_18,18,1,11/3/2025,53.6,,376,835.77,366,10869,425.1,425.1
202503111011_19,19,1,11/3/2025,44.8,,481,872.05,382,13736,492.5,492.5
202503111011_20,20,1,11/3/2025,53.0,,399,915.38,401,11978,461.4,461.4
202503111011_21,21,1,11/3/2025,40.0,,434,866.14,379,11435,410,410
202503111011_22,22,1,11/3/2025,55.0,,328,599.87,262,8056,268.3,268.3
202503111011_23,23,1,11/3/2025,54.2,,347,1019.55,446,12866,490.1,490.1
202503111011_24,24,1,11/3/2025,58.6,,588,1185.78,519,14804,612.5,612.5
202503111011_25,25,1,11/3/2025,58.4,,435,826.52,362,11871,452.2,452.2
202503111011_26,26,1,11/3/2025,55.4,,407,1048.12,459,13984,534.9,534.9
202503111011_27,27,1,11/3/2025,55.4,,424,658.45,288,9040,332.1,332.1
202503111011_28,28,1,11/3/2025,61.3,,419,1048.12,459,14474,6147,6147
202503111011_29,29,1,11/3/2025,56.4,,518,1170,512,18380,741.1,741.1
202503111011_30,30,1,11/3/2025,54.0,,488,1157.54,507,9398,334.6,334.6
202503111011_31,31,1,11/3/2025,50.2,,340,798.88,350,11297,519.6,519.6
202503111011_32,32,1,11/3/2025,50.1,,459,828.36,362,12643,517.2,517.2
202503111011_33,33,1,11/3/2025,43.0,,448,648.27,284,10003,400,400
202503111011_34,34,1,11/3/2025,53.7,,311,637.96,279,8979,332.6,332.6
202503111011_35,35,1,11/3/2025,48.3,,397,845.38,370,13305,499.3,499.3
202503111011_36,36,1,11/3/2025,56.8,,367,594.23,260,9285,332.5,332.5
202503111011_37,37,1,11/3/2025,52.8,,312,698.66,306,9013,375.9,375.9
202503111011_38,38,1,11/3/2025,53.5,,391,591.29,259,9243,381,381
202503111011_39,39,1,11/3/2025,55.4,,245,567.4,248,18379,723.5,723.5
202503111011_40,40,1,11/3/2025,54.2,,309,841.91,368,9991,411,411
202503111011_41,41,1,11/3/2025,50.1,,397,1124.94,492,11808,484.4,484.4
202503111011_42,42,1,11/3/2025,48.2,,209,514.68,225,7241,270.8,270.8
202503111011_43,43,1,11/3/2025,50.7,,413,798.73,350,11845,473.8,473.8
202503111011_44,44,1,11/3/2025,46.2,,212,461.12,202,7199,276.2,276.2
202503111011_45,45,1,11/3/2025,57.1,,453,668.91,293,18130,728.9,728.9
202503111011_46,46,1,11/3/2025,48.1,,357,706.24,309,10792,376.7,376.7
202503111011_47,47,1,11/3/2025,51.3,,360,968.87,424,14939,561.7,561.7
202503111011_48,48,1,11/3/2025,56.4,,287,790,346,13025,504.3,504.3
202503111011_49,49,1,11/3/2025,53.2,,321,867,379,12236,483.9,483.9
202503111011_50,50,1,11/3/2025,56.7,,288,985.59,431,14786,586.9,586.9
202503111011_51,51,1,11/3/2025,50.2,,420,957.22,419,14298,556.5,556.5
202503111011_52,52,1,11/3/2025,50.7,,369,791.43,346,9911,402.8,402.8
202503111011_53,53,1,11/3/2025,56.5,,409,823.26,360,11703,477,477
202503111011_54,54,1,11/3/2025,55.7,,343,733.45,321,11065,428.4,428.4
202503111011_55,55,1,11/3/2025,51.7,,373,737.68,323,12514,528.2,528.2
202503111011_56,56,1,11/3/2025,55.0,,330,874.83,383,11094,456.3,456.3
202503111011_57,57,1,11/3/2025,54.5,,342,894.64,391,13015,511.6,511.6
202503111011_58,58,1,11/3/2025,51.0,,283,940.89,412,15276,620.4,620.4
202503111011_59,59,1,11/3/2025,51.3,,390,583.37,255,8387,340.8,340.8
202503111011_60,60,1,11/3/2025,51.3,,319,964.19,422,15682,634.4,634.4
202503210851_1,1,2,21/3/2025,49.5,,594,978.48,428,14332,509.1,509.1
202503210851_2,2,2,21/3/2025,45.9,,442,752.59,329,12649,455.2,455.2
202503210851_3,3,2,21/3/2025,47.6,,340,724.59,317,8320,271.5,271.5
202503210851_4,4,2,21/3/2025,51.8,,436,865.89,379,12101,439.2,439.2
202503210851_5,5,2,21/3/2025,49.5,,438,986.5,432,16232,568.8,568.8
202503210851_6,6,2,21/3/2025,59.3,,541,1200.58,525,18793,665.4,665.4
202503210851_7,7,2,21/3/2025,51.8,,322,737.74,323,18140,642.7,642.7
202503210851_8,8,2,21/3/2025,50.2,,452,1029.47,450,11306,375.9,375.9
202503210851_9,9,2,21/3/2025,55.0,,560,1186.72,519,8326,295.2,295.2
202503210851_10,10,2,21/3/2025,47.5,,487,938.33,411,14029,518.5,518.5
202503210851_11,11,2,21/3/2025,55.6,,437,1334.87,584,19844,774,774
202503210851_12,12,2,21/3/2025,49.7,,446,828.36,362,12197,441.9,441.9
202503210851_13,13,2,21/3/2025,55.7,,390,972.23,425,15863,569,569
202503210851_14,14,2,21/3/2025,49.3,,371,1076.89,471,16373,639.9,639.9
202503210851_15,15,2,21/3/2025,55.1,,530,1380.04,604,18955,795.1,795.1
202503210851_16,16,2,21/3/2025,53.8,,325,760,333,11706,466.3,466.3
202503210851_17,17,2,21/3/2025,47.4,,406,1036.17,453,16574,679.5,679.5
202503210851_18,18,2,21/3/2025,52.3,,376,835.77,366,10869,425.1,425.1
202503210851_19,19,2,21/3/2025,53.3,,481,872.05,382,13736,492.5,492.5
202503210851_20,20,2,21/3/2025,49.1,,399,915.38,401,11978,461.4,461.4
202503210851_21,21,2,21/3/2025,48.4,,434,866.14,379,11435,410,410
202503210851_22,22,2,21/3/2025,51.3,,328,599.87,262,8056,268.3,268.3
202503210851_23,23,2,21/3/2025,52.1,,347,1019.55,446,12866,490.1,490.1
202503210851_24,24,2,21/3/2025,56.8,,588,1185.78,519,14804,612.5,612.5
202503210851_25,25,2,21/3/2025,51.9,,435,826.52,362,11871,452.2,452.2
202503210851_26,26,2,21/3/2025,52.3,,407,1048.12,459,13984,534.9,534.9
202503210851_27,27,2,21/3/2025,47.8,,424,658.45,288,9040,332.1,332.1
202503210851_28,28,2,21/3/2025,51.5,,419,1048.12,459,14474,6147,6147
202503210851_29,29,2,21/3/2025,52.9,,518,1170,512,18380,741.1,741.1
202503210851_30,30,2,21/3/2025,51.5,,488,1157.54,507,9398,334.6,334.6
202503210851_31,31,2,21/3/2025,51.3,,340,798.88,350,11297,519.6,519.6
202503210851_32,32,2,21/3/2025,44.7,,459,828.36,362,12643,517.2,517.2
202503210851_33,33,2,21/3/2025,52.6,,448,648.27,284,10003,400,400
202503210851_34,34,2,21/3/2025,52.3,,311,637.96,279,8979,332.6,332.6
202503210851_35,35,2,21/3/2025,49.7,,397,845.38,370,13305,499.3,499.3
202503210851_36,36,2,21/3/2025,54.0,,367,594.23,260,9285,332.5,332.5
202503210851_37,37,2,21/3/2025,61.2,,312,698.66,306,9013,375.9,375.9
202503210851_38,38,2,21/3/2025,57.0,,391,591.29,259,9243,381,381
202503210851_39,39,2,21/3/2025,51.7,,245,567.4,248,18379,723.5,723.5
202503210851_40,40,2,21/3/2025,55.9,,309,841.91,368,9991,411,411
202503210851_41,41,2,21/3/2025,53.5,,397,1124.94,492,11808,484.4,484.4
202503210851_42,42,2,21/3/2025,49.4,,209,514.68,225,7241,270.8,270.8
202503210851_43,43,2,21/3/2025,46.5,,413,798.73,350,11845,473.8,473.8
202503210851_44,44,2,21/3/2025,50.9,,212,461.12,202,7199,276.2,276.2
202503210851_45,45,2,21/3/2025,46.3,,453,668.91,293,18130,728.9,728.9
202503210851_46,46,2,21/3/2025,56.1,,357,706.24,309,10792,376.7,376.7
202503210851_47,47,2,21/3/2025,43.1,,360,968.87,424,14939,561.7,561.7
202503210851_48,48,2,21/3/2025,46.7,,287,790,346,13025,504.3,504.3
202503210851_49,49,2,21/3/2025,54.1,,321,867,379,12236,483.9,483.9
202503210851_50,50,2,21/3/2025,51.9,,288,985.59,431,14786,586.9,586.9
202503210851_51,51,2,21/3/2025,49.7,,420,957.22,419,14298,556.5,556.5
202503210851_52,52,2,21/3/2025,51.3,,369,791.43,346,9911,402.8,402.8
202503210851_53,53,2,21/3/2025,48.3,,409,823.26,360,11703,477,477
202503210851_54,54,2,21/3/2025,52.6,,343,733.45,321,11065,428.4,428.4
202503210851_55,55,2,21/3/2025,52.5,,373,737.68,323,12514,528.2,528.2
202503210851_56,56,2,21/3/2025,52.7,,330,874.83,383,11094,456.3,456.3
202503210851_57,57,2,21/3/2025,53.7,,342,894.64,391,13015,511.6,511.6
202503210851_58,58,2,21/3/2025,53.3,,283,940.89,412,15276,620.4,620.4
202503210851_59,59,2,21/3/2025,54.8,,390,583.37,255,8387,340.8,340.8
202503210851_60,60,2,21/3/2025,54.0,,319,964.19,422,15682,634.4,634.4
202503260955_1,1,3,26/3/2025,47.1,,594,978.48,428,14332,509.1,509.1
202503260955_2,2,3,26/3/2025,51.1,,442,752.59,329,12649,455.2,455.2
202503260955_3,3,3,26/3/2025,49.7,,340,724.59,317,8320,271.5,271.5
202503260955_4,4,3,26/3/2025,50.4,,436,865.89,379,12101,439.2,439.2
202503260955_5,5,3,26/3/2025,49.1,,438,986.5,432,16232,568.8,568.8
202503260955_6,6,3,26/3/2025,56.4,,541,1200.58,525,18793,665.4,665.4
202503260955_7,7,3,26/3/2025,50.0,,322,737.74,323,18140,642.7,642.7
202503260955_8,8,3,26/3/2025,50.2,,452,1029.47,450,11306,375.9,375.9
202503260955_9,9,3,26/3/2025,52.5,,560,1186.72,519,8326,295.2,295.2
202503260955_10,10,3,26/3/2025,51.7,,487,938.33,411,14029,518.5,518.5
202503260955_11,11,3,26/3/2025,50.7,,437,1334.87,584,19844,774,774
202503260955_12,12,3,26/3/2025,53.6,,446,828.36,362,12197,441.9,441.9
202503260955_13,13,3,26/3/2025,53.4,,390,972.23,425,15863,569,569
202503260955_14,14,3,26/3/2025,51.4,,371,1076.89,471,16373,639.9,639.9
202503260955_15,15,3,26/3/2025,51.8,,530,1380.04,604,18955,795.1,795.1
202503260955_16,16,3,26/3/2025,46.6,,325,760,333,11706,466.3,466.3
202503260955_17,17,3,26/3/2025,48.6,,406,1036.17,453,16574,679.5,679.5
202503260955_18,18,3,26/3/2025,48.7,,376,835.77,366,10869,425.1,425.1
202503260955_19,19,3,26/3/2025,49.0,,481,872.05,382,13736,492.5,492.5
202503260955_20,20,3,26/3/2025,47.0,,399,915.38,401,11978,461.4,461.4
202503260955_21,21,3,26/3/2025,46.2,,434,866.14,379,11435,410,410
202503260955_22,22,3,26/3/2025,55.1,,328,599.87,262,8056,268.3,268.3
202503260955_23,23,3,26/3/2025,56.5,,347,1019.55,446,12866,490.1,490.1
202503260955_24,24,3,26/3/2025,51.7,,588,1185.78,519,14804,612.5,612.5
202503260955_25,25,3,26/3/2025,53.1,,435,826.52,362,11871,452.2,452.2
202503260955_26,26,3,26/3/2025,53.3,,407,1048.12,459,13984,534.9,534.9
202503260955_27,27,3,26/3/2025,56.3,,424,658.45,288,9040,332.1,332.1
202503260955_28,28,3,26/3/2025,53.7,,419,1048.12,459,14474,6147,6147
202503260955_29,29,3,26/3/2025,55.9,,518,1170,512,18380,741.1,741.1
202503260955_30,30,3,26/3/2025,52.2,,488,1157.54,507,9398,334.6,334.6
202503260955_31,31,3,26/3/2025,48.6,,340,798.88,350,11297,519.6,519.6
202503260955_32,32,3,26/3/2025,46.7,,459,828.36,362,12643,517.2,517.2
202503260955_33,33,3,26/3/2025,46.4,,448,648.27,284,10003,400,400
202503260955_34,34,3,26/3/2025,57.7,,311,637.96,279,8979,332.6,332.6
202503260955_35,35,3,26/3/2025,49.7,,397,845.38,370,13305,499.3,499.3
202503260955_36,36,3,26/3/2025,58.4,,367,594.23,260,9285,332.5,332.5
202503260955_37,37,3,26/3/2025,47.3,,312,698.66,306,9013,375.9,375.9
202503260955_38,38,3,26/3/2025,47.3,,391,591.29,259,9243,381,381
202503260955_39,39,3,26/3/2025,50.9,,245,567.4,248,18379,723.5,723.5
202503260955_40,40,3,26/3/2025,49.5,,309,841.91,368,9991,411,411
202503260955_41,41,3,26/3/2025,47.7,,397,1124.94,492,11808,484.4,484.4
202503260955_42,42,3,26/3/2025,55.2,,209,514.68,225,7241,270.8,270.8
202503260955_43,43,3,26/3/2025,48.1,,413,798.73,350,11845,473.8,473.8
202503260955_44,44,3,26/3/2025,44.7,,212,461.12,202,7199,276.2,276.2
202503260955_45,45,3,26/3/2025,52.3,,453,668.91,293,18130,728.9,728.9
202503260955_46,46,3,26/3/2025,49.3,,357,706.24,309,10792,376.7,376.7
202503260955_47,47,3,26/3/2025,51.7,,360,968.87,424,14939,561.7,561.7
202503260955_48,48,3,26/3/2025,51.8,,287,790,346,13025,504.3,504.3
202503260955_49,49,3,26/3/2025,54.0,,321,867,379,12236,483.9,483.9
202503260955_50,50,3,26/3/2025,46.9,,288,985.59,431,14786,586.9,586.9
202503260955_51,51,3,26/3/2025,45.7,,420,957.22,419,14298,556.5,556.5
202503260955_52,52,3,26/3/2025,49.1,,369,791.43,346,9911,402.8,402.8
202503260955_53,53,3,26/3/2025,43.9,,409,823.26,360,11703,477,477
202503260955_54,54,3,26/3/2025,51.3,,343,733.45,321,11065,428.4,428.4
202503260955_55,55,3,26/3/2025,49.8,,373,737.68,323,12514,528.2,528.2
202503260955_56,56,3,26/3/2025,59.4,,330,874.83,383,11094,456.3,456.3
202503260955_57,57,3,26/3/2025,44.9,,342,894.64,391,13015,511.6,511.6
202503260955_58,58,3,26/3/2025,54.1,,283,940.89,412,15276,620.4,620.4
202503260955_59,59,3,26/3/2025,53.2,,390,583.37,255,8387,340.8,340.8
202503260955_60,60,3,26/3/2025,42.3,,319,964.19,422,15682,634.4,634.4
202504040926_1,1,4,4/4/2025,47.1,,594,978.48,428,14332,509.1,509.1
202504040926_2,2,4,4/4/2025,46.3,,442,752.59,329,12649,455.2,455.2
202504040926_3,3,4,4/4/2025,48.1,,340,724.59,317,8320,271.5,271.5
202504040926_4,4,4,4/4/2025,48.5,,436,865.89,379,12101,439.2,439.2
202504040926_5,5,4,4/4/2025,50.2,,438,986.5,432,16232,568.8,568.8
202504040926_6,6,4,4/4/2025,47.0,,541,1200.58,525,18793,665.4,665.4
202504040926_7,7,4,4/4/2025,43.9,,322,737.74,323,18140,642.7,642.7
202504040926_8,8,4,4/4/2025,46.8,,452,1029.47,450,11306,375.9,375.9
202504040926_9,9,4,4/4/2025,50.7,,560,1186.72,519,8326,295.2,295.2
202504040926_10,10,4,4/4/2025,48.2,,487,938.33,411,14029,518.5,518.5
202504040926_11,11,4,4/4/2025,50.4,,437,1334.87,584,19844,774,774
202504040926_12,12,4,4/4/2025,49.2,,446,828.36,362,12197,441.9,441.9
202504040926_13,13,4,4/4/2025,45.5,,390,972.23,425,15863,569,569
202504040926_14,14,4,4/4/2025,47.9,,371,1076.89,471,16373,639.9,639.9
202504040926_15,15,4,4/4/2025,47.1,,530,1380.04,604,18955,795.1,795.1
202504040926_16,16,4,4/4/2025,43.7,,325,760,333,11706,466.3,466.3
202504040926_17,17,4,4/4/2025,51.7,,406,1036.17,453,16574,679.5,679.5
202504040926_18,18,4,4/4/2025,46.1,,376,835.77,366,10869,425.1,425.1
202504040926_19,19,4,4/4/2025,49.4,,481,872.05,382,13736,492.5,492.5
202504040926_20,20,4,4/4/2025,48.3,,399,915.38,401,11978,461.4,461.4
202504040926_21,21,4,4/4/2025,47.0,,434,866.14,379,11435,410,410
202504040926_22,22,4,4/4/2025,47.4,,328,599.87,262,8056,268.3,268.3
202504040926_23,23,4,4/4/2025,47.8,,347,1019.55,446,12866,490.1,490.1
202504040926_24,24,4,4/4/2025,51.1,,588,1185.78,519,14804,612.5,612.5
202504040926_25,25,4,4/4/2025,52.1,,435,826.52,362,11871,452.2,452.2
202504040926_26,26,4,4/4/2025,51.7,,407,1048.12,459,13984,534.9,534.9
202504040926_27,27,4,4/4/2025,52.3,,424,658.45,288,9040,332.1,332.1
202504040926_28,28,4,4/4/2025,49.5,,419,1048.12,459,14474,6147,6147
202504040926_29,29,4,4/4/2025,49.4,,518,1170,512,18380,741.1,741.1
202504040926_30,30,4,4/4/2025,49.3,,488,1157.54,507,9398,334.6,334.6
202504040926_31,31,4,4/4/2025,42.7,,340,798.88,350,11297,519.6,519.6
202504040926_32,32,4,4/4/2025,50.0,,459,828.36,362,12643,517.2,517.2
202504040926_33,33,4,4/4/2025,49.3,,448,648.27,284,10003,400,400
202504040926_34,34,4,4/4/2025,50.2,,311,637.96,279,8979,332.6,332.6
202504040926_35,35,4,4/4/2025,49.4,,397,845.38,370,13305,499.3,499.3
202504040926_36,36,4,4/4/2025,47.7,,367,594.23,260,9285,332.5,332.5
202504040926_37,37,4,4/4/2025,47.9,,312,698.66,306,9013,375.9,375.9
202504040926_38,38,4,4/4/2025,50.6,,391,591.29,259,9243,381,381
202504040926_39,39,4,4/4/2025,51.2,,245,567.4,248,18379,723.5,723.5
202504040926_40,40,4,4/4/2025,47.9,,309,841.91,368,9991,411,411
202504040926_41,41,4,4/4/2025,42.8,,397,1124.94,492,11808,484.4,484.4
202504040926_42,42,4,4/4/2025,49.3,,209,514.68,225,7241,270.8,270.8
202504040926_43,43,4,4/4/2025,51.1,,413,798.73,350,11845,473.8,473.8
202504040926_44,44,4,4/4/2025,50.1,,212,461.12,202,7199,276.2,276.2
202504040926_45,45,4,4/4/2025,50.7,,453,668.91,293,18130,728.9,728.9
202504040926_46,46,4,4/4/2025,48.6,,357,706.24,309,10792,376.7,376.7
202504040926_47,47,4,4/4/2025,48.7,,360,968.87,424,14939,561.7,561.7
202504040926_48,48,4,4/4/2025,51.3,,287,790,346,13025,504.3,504.3
202504040926_49,49,4,4/4/2025,48.8,,321,867,379,12236,483.9,483.9
202504040926_50,50,4,4/4/2025,46.1,,288,985.59,431,14786,586.9,586.9
202504040926_51,51,4,4/4/2025,47.0,,420,957.22,419,14298,556.5,556.5
202504040926_52,52,4,4/4/2025,45.7,,369,791.43,346,9911,402.8,402.8
202504040926_53,53,4,4/4/2025,48.0,,409,823.26,360,11703,477,477
202504040926_54,54,4,4/4/2025,49.7,,343,733.45,321,11065,428.4,428.4
202504040926_55,55,4,4/4/2025,44.1,,373,737.68,323,12514,528.2,528.2
202504040926_56,56,4,4/4/2025,49.1,,330,874.83,383,11094,456.3,456.3
202504040926_57,57,4,4/4/2025,52.3,,342,894.64,391,13015,511.6,511.6
202504040926_58,58,4,4/4/2025,53.1,,283,940.89,412,15276,620.4,620.4
202504040926_59,59,4,4/4/2025,50.0,,390,583.37,255,8387,340.8,340.8
202504040926_60,60,4,4/4/2025,50.4,,319,964.19,422,15682,634.4,634.4
202504080849_1,1,5,8/4/2025,46.1,,594,978.48,428,14332,509.1,509.1
202504080849_2,2,5,8/4/2025,49.6,,442,752.59,329,12649,455.2,455.2
202504080849_3,3,5,8/4/2025,49.0,,340,724.59,317,8320,271.5,271.5
202504080849_4,4,5,8/4/2025,48.1,,436,865.89,379,12101,439.2,439.2
202504080849_5,5,5,8/4/2025,51.9,,438,986.5,432,16232,568.8,568.8
202504080849_6,6,5,8/4/2025,49.3,,541,1200.58,525,18793,665.4,665.4
202504080849_7,7,5,8/4/2025,49.6,,322,737.74,323,18140,642.7,642.7
202504080849_8,8,5,8/4/2025,46.1,,452,1029.47,450,11306,375.9,375.9
202504080849_9,9,5,8/4/2025,44.6,,560,1186.72,519,8326,295.2,295.2
202504080849_10,10,5,8/4/2025,49.5,,487,938.33,411,14029,518.5,518.5
202504080849_11,11,5,8/4/2025,50.3,,437,1334.87,584,19844,774,774
202504080849_12,12,5,8/4/2025,46.9,,446,828.36,362,12197,441.9,441.9
202504080849_13,13,5,8/4/2025,49.2,,390,972.23,425,15863,569,569
202504080849_14,14,5,8/4/2025,48.9,,371,1076.89,471,16373,639.9,639.9
202504080849_15,15,5,8/4/2025,52.0,,530,1380.04,604,18955,795.1,795.1
202504080849_16,16,5,8/4/2025,48.2,,325,760,333,11706,466.3,466.3
202504080849_17,17,5,8/4/2025,47.0,,406,1036.17,453,16574,679.5,679.5
202504080849_18,18,5,8/4/2025,47.8,,376,835.77,366,10869,425.1,425.1
202504080849_19,19,5,8/4/2025,49.0,,481,872.05,382,13736,492.5,492.5
202504080849_20,20,5,8/4/2025,48.6,,399,915.38,401,11978,461.4,461.4
202504080849_21,21,5,8/4/2025,48.7,,434,866.14,379,11435,410,410
202504080849_22,22,5,8/4/2025,48.3,,328,599.87,262,8056,268.3,268.3
202504080849_23,23,5,8/4/2025,49.8,,347,1019.55,446,12866,490.1,490.1
202504080849_24,24,5,8/4/2025,50.3,,588,1185.78,519,14804,612.5,612.5
202504080849_25,25,5,8/4/2025,48.7,,435,826.52,362,11871,452.2,452.2
202504080849_26,26,5,8/4/2025,45.8,,407,1048.12,459,13984,534.9,534.9
202504080849_27,27,5,8/4/2025,47.4,,424,658.45,288,9040,332.1,332.1
202504080849_28,28,5,8/4/2025,49.8,,419,1048.12,459,14474,6147,6147
202504080849_29,29,5,8/4/2025,50.5,,518,1170,512,18380,741.1,741.1
202504080849_30,30,5,8/4/2025,44.8,,488,1157.54,507,9398,334.6,334.6
202504080849_31,31,5,8/4/2025,49.1,,340,798.88,350,11297,519.6,519.6
202504080849_32,32,5,8/4/2025,46.9,,459,828.36,362,12643,517.2,517.2
202504080849_33,33,5,8/4/2025,43.5,,448,648.27,284,10003,400,400
202504080849_34,34,5,8/4/2025,49.4,,311,637.96,279,8979,332.6,332.6
202504080849_35,35,5,8/4/2025,49.3,,397,845.38,370,13305,499.3,499.3
202504080849_36,36,5,8/4/2025,45.8,,367,594.23,260,9285,332.5,332.5
202504080849_37,37,5,8/4/2025,51.6,,312,698.66,306,9013,375.9,375.9
202504080849_38,38,5,8/4/2025,48.1,,391,591.29,259,9243,381,381
202504080849_39,39,5,8/4/2025,49.4,,245,567.4,248,18379,723.5,723.5
202504080849_40,40,5,8/4/2025,49.7,,309,841.91,368,9991,411,411
202504080849_41,41,5,8/4/2025,50.5,,397,1124.94,492,11808,484.4,484.4
202504080849_42,42,5,8/4/2025,48.5,,209,514.68,225,7241,270.8,270.8
202504080849_43,43,5,8/4/2025,44.6,,413,798.73,350,11845,473.8,473.8
202504080849_44,44,5,8/4/2025,46.1,,212,461.12,202,7199,276.2,276.2
202504080849_45,45,5,8/4/2025,47.4,,453,668.91,293,18130,728.9,728.9
202504080849_46,46,5,8/4/2025,44.9,,357,706.24,309,10792,376.7,376.7
202504080849_47,47,5,8/4/2025,44.8,,360,968.87,424,14939,561.7,561.7
202504080849_48,48,5,8/4/2025,46.9,,287,790,346,13025,504.3,504.3
202504080849_49,49,5,8/4/2025,50.0,,321,867,379,12236,483.9,483.9
202504080849_50,50,5,8/4/2025,46.4,,288,985.59,431,14786,586.9,586.9
202504080849_51,51,5,8/4/2025,46.0,,420,957.22,419,14298,556.5,556.5
202504080849_52,52,5,8/4/2025,51.1,,369,791.43,346,9911,402.8,402.8
202504080849_53,53,5,8/4/2025,45.6,,409,823.26,360,11703,477,477
202504080849_54,54,5,8/4/2025,44.2,,343,733.45,321,11065,428.4,428.4
202504080849_55,55,5,8/4/2025,47.5,,373,737.68,323,12514,528.2,528.2
202504080849_56,56,5,8/4/2025,46.8,,330,874.83,383,11094,456.3,456.3
202504080849_57,57,5,8/4/2025,49.3,,342,894.64,391,13015,511.6,511.6
202504080849_58,58,5,8/4/2025,46.1,,283,940.89,412,15276,620.4,620.4
202504080849_59,59,5,8/4/2025,49.1,,390,583.37,255,8387,340.8,340.8
202504080849_60,60,5,8/4/2025,48.3,,319,964.19,422,15682,634.4,634.4
202504170935_1,1,6,17/4/2025,45.5,7.343,594,978.48,428,14332,509.1,509.1
202504170935_2,2,6,17/4/2025,49.7,7.323,442,752.59,329,12649,455.2,455.2
202504170935_3,3,6,17/4/2025,48.5,4.725,340,724.59,317,8320,271.5,271.5
202504170935_4,4,6,17/4/2025,49.5,6.841,436,865.89,379,12101,439.2,439.2
202504170935_5,5,6,17/4/2025,48.8,6.813,438,986.5,432,16232,568.8,568.8
202504170935_6,6,6,17/4/2025,47.1,6.726,541,1200.58,525,18793,665.4,665.4
202504170935_7,7,6,17/4/2025,48.7,5.727,322,737.74,323,18140,642.7,642.7
202504170935_8,8,6,17/4/2025,47.5,5.387,452,1029.47,450,11306,375.9,375.9
202504170935_9,9,6,17/4/2025,50.1,3.998,560,1186.72,519,8326,295.2,295.2
202504170935_10,10,6,17/4/2025,49.8,4.620,487,938.33,411,14029,518.5,518.5
202504170935_11,11,6,17/4/2025,52.7,3.150,437,1334.87,584,19844,774,774
202504170935_12,12,6,17/4/2025,48.9,6.789,446,828.36,362,12197,441.9,441.9
202504170935_13,13,6,17/4/2025,46.5,5.763,390,972.23,425,15863,569,569
202504170935_14,14,6,17/4/2025,48.7,4.205,371,1076.89,471,16373,639.9,639.9
202504170935_15,15,6,17/4/2025,46.4,7.670,530,1380.04,604,18955,795.1,795.1
202504170935_16,16,6,17/4/2025,45.8,5.811,325,760,333,11706,466.3,466.3
202504170935_17,17,6,17/4/2025,45.4,6.105,406,1036.17,453,16574,679.5,679.5
202504170935_18,18,6,17/4/2025,49.3,7.172,376,835.77,366,10869,425.1,425.1
202504170935_19,19,6,17/4/2025,47.2,8.142,481,872.05,382,13736,492.5,492.5
202504170935_20,20,6,17/4/2025,47.3,6.523,399,915.38,401,11978,461.4,461.4
202504170935_21,21,6,17/4/2025,46.3,6.041,434,866.14,379,11435,410,410
202504170935_22,22,6,17/4/2025,46.8,8.321,328,599.87,262,8056,268.3,268.3
202504170935_23,23,6,17/4/2025,47.7,6.120,347,1019.55,446,12866,490.1,490.1
202504170935_24,24,6,17/4/2025,46.6,5.938,588,1185.78,519,14804,612.5,612.5
202504170935_25,25,6,17/4/2025,47.3,6.079,435,826.52,362,11871,452.2,452.2
202504170935_26,26,6,17/4/2025,48.4,5.972,407,1048.12,459,13984,534.9,534.9
202504170935_27,27,6,17/4/2025,44.4,6.205,424,658.45,288,9040,332.1,332.1
202504170935_28,28,6,17/4/2025,49.9,5.143,419,1048.12,459,14474,6147,6147
202504170935_29,29,6,17/4/2025,44.8,6.220,518,1170,512,18380,741.1,741.1
202504170935_30,30,6,17/4/2025,45.6,5.590,488,1157.54,507,9398,334.6,334.6
202504170935_31,31,6,17/4/2025,45.9,9.722,340,798.88,350,11297,519.6,519.6
202504170935_32,32,6,17/4/2025,47.3,6.358,459,828.36,362,12643,517.2,517.2
202504170935_33,33,6,17/4/2025,43.5,6.757,448,648.27,284,10003,400,400
202504170935_34,34,6,17/4/2025,45.9,7.379,311,637.96,279,8979,332.6,332.6
202504170935_35,35,6,17/4/2025,47.7,7.186,397,845.38,370,13305,499.3,499.3
202504170935_36,36,6,17/4/2025,46.1,6.311,367,594.23,260,9285,332.5,332.5
202504170935_37,37,6,17/4/2025,45.8,3.375,312,698.66,306,9013,375.9,375.9
202504170935_38,38,6,17/4/2025,47.7,7.648,391,591.29,259,9243,381,381
202504170935_39,39,6,17/4/2025,42.8,4.980,245,567.4,248,18379,723.5,723.5
202504170935_40,40,6,17/4/2025,42.4,6.226,309,841.91,368,9991,411,411
202504170935_41,41,6,17/4/2025,45.2,6.239,397,1124.94,492,11808,484.4,484.4
202504170935_42,42,6,17/4/2025,42.7,4.732,209,514.68,225,7241,270.8,270.8
202504170935_43,43,6,17/4/2025,46.1,8.495,413,798.73,350,11845,473.8,473.8
202504170935_44,44,6,17/4/2025,42.1,3.555,212,461.12,202,7199,276.2,276.2
202504170935_45,45,6,17/4/2025,48.3,7.464,453,668.91,293,18130,728.9,728.9
202504170935_46,46,6,17/4/2025,50.0,5.128,357,706.24,309,10792,376.7,376.7
202504170935_47,47,6,17/4/2025,45.0,6.222,360,968.87,424,14939,561.7,561.7
202504170935_48,48,6,17/4/2025,51.2,6.851,287,790,346,13025,504.3,504.3
202504170935_49,49,6,17/4/2025,43.7,5.549,321,867,379,12236,483.9,483.9
202504170935_50,50,6,17/4/2025,47.4,8.165,288,985.59,431,14786,586.9,586.9
202504170935_51,51,6,17/4/2025,41.9,5.849,420,957.22,419,14298,556.5,556.5
202504170935_52,52,6,17/4/2025,45.3,4.954,369,791.43,346,9911,402.8,402.8
202504170935_53,53,6,17/4/2025,46.2,7.714,409,823.26,360,11703,477,477
202504170935_54,54,6,17/4/2025,47.2,7.787,343,733.45,321,11065,428.4,428.4
202504170935_55,55,6,17/4/2025,47.4,4.969,373,737.68,323,12514,528.2,528.2
202504170935_56,56,6,17/4/2025,43.6,5.172,330,874.83,383,11094,456.3,456.3
202504170935_57,57,6,17/4/2025,49.0,3.024,342,894.64,391,13015,511.6,511.6
202504170935_58,58,6,17/4/2025,42.3,7.207,283,940.89,412,15276,620.4,620.4
202504170935_59,59,6,17/4/2025,47.8,4.742,390,583.37,255,8387,340.8,340.8
202504170935_60,60,6,17/4/2025,46.6,5.932,319,964.19,422,15682,634.4,634.4
202504220916_1,1,7,22/4/2025,46.0,4.279,594,978.48,428,14332,509.1,509.1
202504220916_2,2,7,22/4/2025,44.6,4.296,442,752.59,329,12649,455.2,455.2
202504220916_3,3,7,22/4/2025,47.8,2.599,340,724.59,317,8320,271.5,271.5
202504220916_4,4,7,22/4/2025,52.7,4.118,436,865.89,379,12101,439.2,439.2
202504220916_5,5,7,22/4/2025,45.6,8.195,438,986.5,432,16232,568.8,568.8
202504220916_6,6,7,22/4/2025,51.3,4.918,541,1200.58,525,18793,665.4,665.4
202504220916_7,7,7,22/4/2025,50.3,2.835,322,737.74,323,18140,642.7,642.7
202504220916_8,8,7,22/4/2025,49.0,9.667,452,1029.47,450,11306,375.9,375.9
202504220916_9,9,7,22/4/2025,48.6,4.897,560,1186.72,519,8326,295.2,295.2
202504220916_10,10,7,22/4/2025,54.2,6.167,487,938.33,411,14029,518.5,518.5
202504220916_11,11,7,22/4/2025,49.4,3.148,437,1334.87,584,19844,774,774
202504220916_12,12,7,22/4/2025,50.6,6.525,446,828.36,362,12197,441.9,441.9
202504220916_13,13,7,22/4/2025,48.6,5.875,390,972.23,425,15863,569,569
202504220916_14,14,7,22/4/2025,49.2,4.895,371,1076.89,471,16373,639.9,639.9
202504220916_15,15,7,22/4/2025,50.3,5.731,530,1380.04,604,18955,795.1,795.1
202504220916_16,16,7,22/4/2025,47.4,4.513,325,760,333,11706,466.3,466.3
202504220916_17,17,7,22/4/2025,43.6,6.336,406,1036.17,453,16574,679.5,679.5
202504220916_18,18,7,22/4/2025,43.5,6.139,376,835.77,366,10869,425.1,425.1
202504220916_19,19,7,22/4/2025,49.0,6.298,481,872.05,382,13736,492.5,492.5
202504220916_20,20,7,22/4/2025,51.4,5.127,399,915.38,401,11978,461.4,461.4
202504220916_21,21,7,22/4/2025,46.2,4.168,434,866.14,379,11435,410,410
202504220916_22,22,7,22/4/2025,46.0,7.016,328,599.87,262,8056,268.3,268.3
202504220916_23,23,7,22/4/2025,48.5,4.743,347,1019.55,446,12866,490.1,490.1
202504220916_24,24,7,22/4/2025,46.0,4.383,588,1185.78,519,14804,612.5,612.5
202504220916_25,25,7,22/4/2025,50.8,6.825,435,826.52,362,11871,452.2,452.2
202504220916_26,26,7,22/4/2025,50.7,5.309,407,1048.12,459,13984,534.9,534.9
202504220916_27,27,7,22/4/2025,51.5,4.454,424,658.45,288,9040,332.1,332.1
202504220916_28,28,7,22/4/2025,49.6,6.199,419,1048.12,459,14474,6147,6147
202504220916_29,29,7,22/4/2025,49.5,4.880,518,1170,512,18380,741.1,741.1
202504220916_30,30,7,22/4/2025,50.9,3.360,488,1157.54,507,9398,334.6,334.6
202504220916_31,31,7,22/4/2025,45.4,8.159,340,798.88,350,11297,519.6,519.6
202504220916_32,32,7,22/4/2025,49.9,6.249,459,828.36,362,12643,517.2,517.2
202504220916_33,33,7,22/4/2025,46.3,6.518,448,648.27,284,10003,400,400
202504220916_34,34,7,22/4/2025,48.2,6.614,311,637.96,279,8979,332.6,332.6
202504220916_35,35,7,22/4/2025,48.0,2.934,397,845.38,370,13305,499.3,499.3
202504220916_36,36,7,22/4/2025,51.8,5.021,367,594.23,260,9285,332.5,332.5
202504220916_37,37,7,22/4/2025,50.8,7.278,312,698.66,306,9013,375.9,375.9
202504220916_38,38,7,22/4/2025,53.6,3.008,391,591.29,259,9243,381,381
202504220916_39,39,7,22/4/2025,51.3,6.729,245,567.4,248,18379,723.5,723.5
202504220916_40,40,7,22/4/2025,50.9,3.403,309,841.91,368,9991,411,411
202504220916_41,41,7,22/4/2025,49.1,6.545,397,1124.94,492,11808,484.4,484.4
202504220916_42,42,7,22/4/2025,48.2,3.225,209,514.68,225,7241,270.8,270.8
202504220916_43,43,7,22/4/2025,45.0,5.804,413,798.73,350,11845,473.8,473.8
202504220916_44,44,7,22/4/2025,42.5,5.271,212,461.12,202,7199,276.2,276.2
202504220916_45,45,7,22/4/2025,47.9,9.277,453,668.91,293,18130,728.9,728.9
202504220916_46,46,7,22/4/2025,49.9,4.398,357,706.24,309,10792,376.7,376.7
202504220916_47,47,7,22/4/2025,45.6,6.179,360,968.87,424,14939,561.7,561.7
202504220916_48,48,7,22/4/2025,47.5,6.943,287,790,346,13025,504.3,504.3
202504220916_49,49,7,22/4/2025,49.3,4.755,321,867,379,12236,483.9,483.9
202504220916_50,50,7,22/4/2025,48.1,6.755,288,985.59,431,14786,586.9,586.9
202504220916_51,51,7,22/4/2025,47.1,5.525,420,957.22,419,14298,556.5,556.5
202504220916_52,52,7,22/4/2025,47.2,10.370,369,791.43,346,9911,402.8,402.8
202504220916_53,53,7,22/4/2025,44.8,3.664,409,823.26,360,11703,477,477
202504220916_54,54,7,22/4/2025,46.8,5.417,343,733.45,321,11065,428.4,428.4
202504220916_55,55,7,22/4/2025,51.1,3.658,373,737.68,323,12514,528.2,528.2
202504220916_56,56,7,22/4/2025,52.5,7.799,330,874.83,383,11094,456.3,456.3
202504220916_57,57,7,22/4/2025,52.1,4.563,342,894.64,391,13015,511.6,511.6
202504220916_58,58,7,22/4/2025,48.9,4.768,283,940.89,412,15276,620.4,620.4
202504220916_59,59,7,22/4/2025,47.1,4.863,390,583.37,255,8387,340.8,340.8
202504220916_60,60,7,22/4/2025,45.2,4.776,319,964.19,422,15682,634.4,634.4
202504250923_1,1,7,22/4/2025,46.0,4.279,594,978.48,428,14332,509.1,509.1
202504250923_2,2,7,22/4/2025,44.6,4.296,442,752.59,329,12649,455.2,455.2
202504250923_3,3,7,22/4/2025,47.8,2.599,340,724.59,317,8320,271.5,271.5
202504250923_4,4,7,22/4/2025,52.7,4.118,436,865.89,379,12101,439.2,439.2
202504250923_5,5,7,22/4/2025,45.6,8.195,438,986.5,432,16232,568.8,568.8
202504250923_6,6,7,22/4/2025,51.3,4.918,541,1200.58,525,18793,665.4,665.4
202504250923_7,7,7,22/4/2025,50.3,2.835,322,737.74,323,18140,642.7,642.7
202504250923_8,8,7,22/4/2025,49.0,9.667,452,1029.47,450,11306,375.9,375.9
202504250923_9,9,7,22/4/2025,48.6,4.897,560,1186.72,519,8326,295.2,295.2
202504250923_10,10,7,22/4/2025,54.2,6.167,487,938.33,411,14029,518.5,518.5
202504250923_11,11,7,22/4/2025,49.4,3.148,437,1334.87,584,19844,774,774
202504250923_12,12,7,22/4/2025,50.6,6.525,446,828.36,362,12197,441.9,441.9
202504250923_13,13,7,22/4/2025,48.6,5.875,390,972.23,425,15863,569,569
202504250923_14,14,7,22/4/2025,49.2,4.895,371,1076.89,471,16373,639.9,639.9
202504250923_15,15,7,22/4/2025,50.3,5.731,530,1380.04,604,18955,795.1,795.1
202504250923_16,16,7,22/4/2025,47.4,4.513,325,760,333,11706,466.3,466.3
202504250923_17,17,7,22/4/2025,43.6,6.336,406,1036.17,453,16574,679.5,679.5
202504250923_18,18,7,22/4/2025,43.5,6.139,376,835.77,366,10869,425.1,425.1
202504250923_19,19,7,22/4/2025,49.0,6.298,481,872.05,382,13736,492.5,492.5
202504250923_20,20,7,22/4/2025,51.4,5.127,399,915.38,401,11978,461.4,461.4
202504250923_21,21,7,22/4/2025,46.2,4.168,434,866.14,379,11435,410,410
202504250923_22,22,7,22/4/2025,46.0,7.016,328,599.87,262,8056,268.3,268.3
202504250923_23,23,7,22/4/2025,48.5,4.743,347,1019.55,446,12866,490.1,490.1
202504250923_24,24,7,22/4/2025,46.0,4.383,588,1185.78,519,14804,612.5,612.5
202504250923_25,25,7,22/4/2025,50.8,6.825,435,826.52,362,11871,452.2,452.2
202504250923_26,26,7,22/4/2025,50.7,5.309,407,1048.12,459,13984,534.9,534.9
202504250923_27,27,7,22/4/2025,51.5,4.454,424,658.45,288,9040,332.1,332.1
202504250923_28,28,7,22/4/2025,49.6,6.199,419,1048.12,459,14474,6147,6147
202504250923_29,29,7,22/4/2025,49.5,4.880,518,1170,512,18380,741.1,741.1
202504250923_30,30,7,22/4/2025,50.9,3.360,488,1157.54,507,9398,334.6,334.6
202504250923_31,31,7,22/4/2025,45.4,8.159,340,798.88,350,11297,519.6,519.6
202504250923_32,32,7,22/4/2025,49.9,6.249,459,828.36,362,12643,517.2,517.2
202504250923_33,33,7,22/4/2025,46.3,6.518,448,648.27,284,10003,400,400
202504250923_34,34,7,22/4/2025,48.2,6.614,311,637.96,279,8979,332.6,332.6
202504250923_35,35,7,22/4/2025,48.0,2.934,397,845.38,370,13305,499.3,499.3
202504250923_36,36,7,22/4/2025,51.8,5.021,367,594.23,260,9285,332.5,332.5
202504250923_37,37,7,22/4/2025,50.8,7.278,312,698.66,306,9013,375.9,375.9
202504250923_38,38,7,22/4/2025,53.6,3.008,391,591.29,259,9243,381,381
202504250923_39,39,7,22/4/2025,51.3,6.729,245,567.4,248,18379,723.5,723.5
202504250923_40,40,7,22/4/2025,50.9,3.403,309,841.91,368,9991,411,411
202504250923_41,41,7,22/4/2025,49.1,6.545,397,1124.94,492,11808,484.4,484.4
202504250923_42,42,7,22/4/2025,48.2,3.225,209,514.68,225,7241,270.8,270.8
202504250923_43,43,7,22/4/2025,45.0,5.804,413,798.73,350,11845,473.8,473.8
202504250923_44,44,7,22/4/2025,42.5,5.271,212,461.12,202,7199,276.2,276.2
202504250923_45,45,7,22/4/2025,47.9,9.277,453,668.91,293,18130,728.9,728.9
202504250923_46,46,7,22/4/2025,49.9,4.398,357,706.24,309,10792,376.7,376.7
202504250923_47,47,7,22/4/2025,45.6,6.179,360,968.87,424,14939,561.7,561.7
202504250923_48,48,7,22/4/2025,47.5,6.943,287,790,346,13025,504.3,504.3
202504250923_49,49,7,22/4/2025,49.3,4.755,321,867,379,12236,483.9,483.9
202504250923_50,50,7,22/4/2025,48.1,6.755,288,985.59,431,14786,586.9,586.9
202504250923_51,51,7,22/4/2025,47.1,5.525,420,957.22,419,14298,556.5,556.5
202504250923_52,52,7,22/4/2025,47.2,10.370,369,791.43,346,9911,402.8,402.8
202504250923_53,53,7,22/4/2025,44.8,3.664,409,823.26,360,11703,477,477
202504250923_54,54,7,22/4/2025,46.8,5.417,343,733.45,321,11065,428.4,428.4
202504250923_55,55,7,22/4/2025,51.1,3.658,373,737.68,323,12514,528.2,528.2
202504250923_56,56,7,22/4/2025,52.5,7.799,330,874.83,383,11094,456.3,456.3
202504250923_57,57,7,22/4/2025,52.1,4.563,342,894.64,391,13015,511.6,511.6
202504250923_58,58,7,22/4/2025,48.9,4.768,283,940.89,412,15276,620.4,620.4
202504250923_59,59,7,22/4/2025,47.1,4.863,390,583.37,255,8387,340.8,340.8
202504250923_60,60,7,22/4/2025,45.2,4.776,319,964.19,422,15682,634.4,634.4
202504301004_1,1,8,30/4/2025,49.4,5.816,594,978.48,428,14332,509.1,509.1
202504301004_2,2,8,30/4/2025,50.8,5.768,442,752.59,329,12649,455.2,455.2
202504301004_3,3,8,30/4/2025,51.1,3.150,340,724.59,317,8320,271.5,271.5
202504301004_4,4,8,30/4/2025,51.0,3.721,436,865.89,379,12101,439.2,439.2
202504301004_5,5,8,30/4/2025,48.5,5.632,438,986.5,432,16232,568.8,568.8
202504301004_6,6,8,30/4/2025,51.2,4.801,541,1200.58,525,18793,665.4,665.4
202504301004_7,7,8,30/4/2025,48.4,4.760,322,737.74,323,18140,642.7,642.7
202504301004_8,8,8,30/4/2025,47.7,3.565,452,1029.47,450,11306,375.9,375.9
202504301004_9,9,8,30/4/2025,50.8,3.693,560,1186.72,519,8326,295.2,295.2
202504301004_10,10,8,30/4/2025,54.3,5.644,487,938.33,411,14029,518.5,518.5
202504301004_11,11,8,30/4/2025,54.4,2.702,437,1334.87,584,19844,774,774
202504301004_12,12,8,30/4/2025,47.8,6.804,446,828.36,362,12197,441.9,441.9
202504301004_13,13,8,30/4/2025,50.0,4.360,390,972.23,425,15863,569,569
202504301004_14,14,8,30/4/2025,50.5,3.892,371,1076.89,471,16373,639.9,639.9
202504301004_15,15,8,30/4/2025,54.1,3.762,530,1380.04,604,18955,795.1,795.1
202504301004_16,16,8,30/4/2025,48.9,3.801,325,760,333,11706,466.3,466.3
202504301004_17,17,8,30/4/2025,47.4,4.925,406,1036.17,453,16574,679.5,679.5
202504301004_18,18,8,30/4/2025,49.4,5.426,376,835.77,366,10869,425.1,425.1
202504301004_19,19,8,30/4/2025,47.2,4.363,481,872.05,382,13736,492.5,492.5
202504301004_20,20,8,30/4/2025,51.6,4.294,399,915.38,401,11978,461.4,461.4
202504301004_21,21,8,30/4/2025,44.7,4.359,434,866.14,379,11435,410,410
202504301004_22,22,8,30/4/2025,46.5,4.753,328,599.87,262,8056,268.3,268.3
202504301004_23,23,8,30/4/2025,53.4,3.951,347,1019.55,446,12866,490.1,490.1
202504301004_24,24,8,30/4/2025,50.1,4.841,588,1185.78,519,14804,612.5,612.5
202504301004_25,25,8,30/4/2025,47.6,6.345,435,826.52,362,11871,452.2,452.2
202504301004_26,26,8,30/4/2025,51.3,5.733,407,1048.12,459,13984,534.9,534.9
202504301004_27,27,8,30/4/2025,54.4,6.011,424,658.45,288,9040,332.1,332.1
202504301004_28,28,8,30/4/2025,49.7,4.152,419,1048.12,459,14474,6147,6147
202504301004_29,29,8,30/4/2025,50.1,6.667,518,1170,512,18380,741.1,741.1
202504301004_30,30,8,30/4/2025,50.2,4.978,488,1157.54,507,9398,334.6,334.6
202504301004_31,31,8,30/4/2025,48.1,3.974,340,798.88,350,11297,519.6,519.6
202504301004_32,32,8,30/4/2025,50.4,5.444,459,828.36,362,12643,517.2,517.2
202504301004_33,33,8,30/4/2025,48.2,5.218,448,648.27,284,10003,400,400
202504301004_34,34,8,30/4/2025,48.6,3.914,311,637.96,279,8979,332.6,332.6
202504301004_35,35,8,30/4/2025,51.9,3.539,397,845.38,370,13305,499.3,499.3
202504301004_36,36,8,30/4/2025,52.3,5.775,367,594.23,260,9285,332.5,332.5
202504301004_37,37,8,30/4/2025,48.7,6.335,312,698.66,306,9013,375.9,375.9
202504301004_38,38,8,30/4/2025,53.3,4.520,391,591.29,259,9243,381,381
202504301004_39,39,8,30/4/2025,51.4,3.776,245,567.4,248,18379,723.5,723.5
202504301004_40,40,8,30/4/2025,51.0,5.025,309,841.91,368,9991,411,411
202504301004_41,41,8,30/4/2025,49.3,6.205,397,1124.94,492,11808,484.4,484.4
202504301004_42,42,8,30/4/2025,46.1,4.408,209,514.68,225,7241,270.8,270.8
202504301004_43,43,8,30/4/2025,49.1,4.056,413,798.73,350,11845,473.8,473.8
202504301004_44,44,8,30/4/2025,45.2,4.444,212,461.12,202,7199,276.2,276.2
202504301004_45,45,8,30/4/2025,47.9,5.531,453,668.91,293,18130,728.9,728.9
202504301004_46,46,8,30/4/2025,46.7,4.645,357,706.24,309,10792,376.7,376.7
202504301004_47,47,8,30/4/2025,52.9,4.712,360,968.87,424,14939,561.7,561.7
202504301004_48,48,8,30/4/2025,48.4,5.413,287,790,346,13025,504.3,504.3
202504301004_49,49,8,30/4/2025,51.6,7.312,321,867,379,12236,483.9,483.9
202504301004_50,50,8,30/4/2025,50.1,6.299,288,985.59,431,14786,586.9,586.9
202504301004_51,51,8,30/4/2025,46.5,4.313,420,957.22,419,14298,556.5,556.5
202504301004_52,52,8,30/4/2025,48.2,5.311,369,791.43,346,9911,402.8,402.8
202504301004_53,53,8,30/4/2025,48.9,4.876,409,823.26,360,11703,477,477
202504301004_54,54,8,30/4/2025,49.7,5.069,343,733.45,321,11065,428.4,428.4
202504301004_55,55,8,30/4/2025,50.5,5.368,373,737.68,323,12514,528.2,528.2
202504301004_56,56,8,30/4/2025,52.3,5.609,330,874.83,383,11094,456.3,456.3
202504301004_57,57,8,30/4/2025,53.2,5.686,342,894.64,391,13015,511.6,511.6
202504301004_58,58,8,30/4/2025,47.9,4.383,283,940.89,412,15276,620.4,620.4
202504301004_59,59,8,30/4/2025,48.6,5.682,390,583.37,255,8387,340.8,340.8
202504301004_60,60,8,30/4/2025,49.4,5.247,319,964.19,422,15682,634.4,634.4
202505070918_1,1,9,7/5/2025,51.1,4.802,594,978.48,428,14332,509.1,509.1
202505070918_2,2,9,7/5/2025,51.2,3.435,442,752.59,329,12649,455.2,455.2
202505070918_3,3,9,7/5/2025,51.3,4.005,340,724.59,317,8320,271.5,271.5
202505070918_4,4,9,7/5/2025,50.7,4.122,436,865.89,379,12101,439.2,439.2
202505070918_5,5,9,7/5/2025,50.9,6.425,438,986.5,432,16232,568.8,568.8
202505070918_6,6,9,7/5/2025,48.9,4.903,541,1200.58,525,18793,665.4,665.4
202505070918_7,7,9,7/5/2025,50.1,4.569,322,737.74,323,18140,642.7,642.7
202505070918_8,8,9,7/5/2025,49.6,5.691,452,1029.47,450,11306,375.9,375.9
202505070918_9,9,9,7/5/2025,51.0,4.428,560,1186.72,519,8326,295.2,295.2
202505070918_10,10,9,7/5/2025,52.9,3.791,487,938.33,411,14029,518.5,518.5
202505070918_11,11,9,7/5/2025,47.2,2.335,437,1334.87,584,19844,774,774
202505070918_12,12,9,7/5/2025,47.8,5.039,446,828.36,362,12197,441.9,441.9
202505070918_13,13,9,7/5/2025,52.0,4.954,390,972.23,425,15863,569,569
202505070918_14,14,9,7/5/2025,49.1,2.623,371,1076.89,471,16373,639.9,639.9
202505070918_15,15,9,7/5/2025,48.2,4.551,530,1380.04,604,18955,795.1,795.1
202505070918_16,16,9,7/5/2025,50.4,4.757,325,760,333,11706,466.3,466.3
202505070918_17,17,9,7/5/2025,45.7,7.085,406,1036.17,453,16574,679.5,679.5
202505070918_18,18,9,7/5/2025,50.0,3.291,376,835.77,366,10869,425.1,425.1
202505070918_19,19,9,7/5/2025,45.6,3.624,481,872.05,382,13736,492.5,492.5
202505070918_20,20,9,7/5/2025,46.3,4.467,399,915.38,401,11978,461.4,461.4
202505070918_21,21,9,7/5/2025,48.0,3.943,434,866.14,379,11435,410,410
202505070918_22,22,9,7/5/2025,51.8,3.946,328,599.87,262,8056,268.3,268.3
202505070918_23,23,9,7/5/2025,48.4,3.802,347,1019.55,446,12866,490.1,490.1
202505070918_24,24,9,7/5/2025,48.2,3.659,588,1185.78,519,14804,612.5,612.5
202505070918_25,25,9,7/5/2025,52.2,3.575,435,826.52,362,11871,452.2,452.2
202505070918_26,26,9,7/5/2025,51.8,3.897,407,1048.12,459,13984,534.9,534.9
202505070918_27,27,9,7/5/2025,49.8,4.534,424,658.45,288,9040,332.1,332.1
202505070918_28,28,9,7/5/2025,48.8,4.121,419,1048.12,459,14474,6147,6147
202505070918_29,29,9,7/5/2025,46.6,4.702,518,1170,512,18380,741.1,741.1
202505070918_30,30,9,7/5/2025,51.5,3.105,488,1157.54,507,9398,334.6,334.6
202505070918_31,31,9,7/5/2025,49.7,3.573,340,798.88,350,11297,519.6,519.6
202505070918_32,32,9,7/5/2025,49.1,4.150,459,828.36,362,12643,517.2,517.2
202505070918_33,33,9,7/5/2025,47.6,6.047,448,648.27,284,10003,400,400
202505070918_34,34,9,7/5/2025,50.4,3.233,311,637.96,279,8979,332.6,332.6
202505070918_35,35,9,7/5/2025,51.3,4.327,397,845.38,370,13305,499.3,499.3
202505070918_36,36,9,7/5/2025,47.7,3.993,367,594.23,260,9285,332.5,332.5
202505070918_37,37,9,7/5/2025,48.5,4.715,312,698.66,306,9013,375.9,375.9
202505070918_38,38,9,7/5/2025,51.7,4.529,391,591.29,259,9243,381,381
202505070918_39,39,9,7/5/2025,51.8,2.963,245,567.4,248,18379,723.5,723.5
202505070918_40,40,9,7/5/2025,52.2,2.939,309,841.91,368,9991,411,411
202505070918_41,41,9,7/5/2025,48.7,4.881,397,1124.94,492,11808,484.4,484.4
202505070918_42,42,9,7/5/2025,47.9,2.323,209,514.68,225,7241,270.8,270.8
202505070918_43,43,9,7/5/2025,51.9,3.108,413,798.73,350,11845,473.8,473.8
202505070918_44,44,9,7/5/2025,49.4,2.842,212,461.12,202,7199,276.2,276.2
202505070918_45,45,9,7/5/2025,50.4,5.762,453,668.91,293,18130,728.9,728.9
202505070918_46,46,9,7/5/2025,50.2,4.684,357,706.24,309,10792,376.7,376.7
202505070918_47,47,9,7/5/2025,50.3,3.371,360,968.87,424,14939,561.7,561.7
202505070918_48,48,9,7/5/2025,47.1,3.548,287,790,346,13025,504.3,504.3
202505070918_49,49,9,7/5/2025,53.9,5.763,321,867,379,12236,483.9,483.9
202505070918_50,50,9,7/5/2025,53.3,4.809,288,985.59,431,14786,586.9,586.9
202505070918_51,51,9,7/5/2025,47.0,6.697,420,957.22,419,14298,556.5,556.5
202505070918_52,52,9,7/5/2025,53.5,3.542,369,791.43,346,9911,402.8,402.8
202505070918_53,53,9,7/5/2025,49.7,4.283,409,823.26,360,11703,477,477
202505070918_54,54,9,7/5/2025,48.4,4.869,343,733.45,321,11065,428.4,428.4
202505070918_55,55,9,7/5/2025,53.2,4.711,373,737.68,323,12514,528.2,528.2
202505070918_56,56,9,7/5/2025,50.3,5.682,330,874.83,383,11094,456.3,456.3
202505070918_57,57,9,7/5/2025,52.7,4.539,342,894.64,391,13015,511.6,511.6
202505070918_58,58,9,7/5/2025,53.3,3.502,283,940.89,412,15276,620.4,620.4
202505070918_59,59,9,7/5/2025,46.7,4.137,390,583.37,255,8387,340.8,340.8
202505070918_60,60,9,7/5/2025,46.1,5.067,319,964.19,422,15682,634.4,634.4
202505161016_1,1,10,16/5/2025,50.7,3.777,594,978.48,428,14332,509.1,509.1
202505161016_2,2,10,16/5/2025,55.8,3.673,442,752.59,329,12649,455.2,455.2
202505161016_3,3,10,16/5/2025,49.3,2.716,340,724.59,317,8320,271.5,271.5
202505161016_4,4,10,16/5/2025,55.4,3.478,436,865.89,379,12101,439.2,439.2
202505161016_5,5,10,16/5/2025,54.8,4.063,438,986.5,432,16232,568.8,568.8
202505161016_6,6,10,16/5/2025,53.3,2.985,541,1200.58,525,18793,665.4,665.4
202505161016_7,7,10,16/5/2025,50.5,2.060,322,737.74,323,18140,642.7,642.7
202505161016_8,8,10,16/5/2025,49.2,6.152,452,1029.47,450,11306,375.9,375.9
202505161016_9,9,10,16/5/2025,51.1,4.171,560,1186.72,519,8326,295.2,295.2
202505161016_10,10,10,16/5/2025,54.3,4.243,487,938.33,411,14029,518.5,518.5
202505161016_11,11,10,16/5/2025,50.8,2.870,437,1334.87,584,19844,774,774
202505161016_12,12,10,16/5/2025,49.7,4.537,446,828.36,362,12197,441.9,441.9
202505161016_13,13,10,16/5/2025,54.2,3.626,390,972.23,425,15863,569,569
202505161016_14,14,10,16/5/2025,54.4,3.263,371,1076.89,471,16373,639.9,639.9
202505161016_15,15,10,16/5/2025,54.2,4.198,530,1380.04,604,18955,795.1,795.1
202505161016_16,16,10,16/5/2025,50.0,4.341,325,760,333,11706,466.3,466.3
202505161016_17,17,10,16/5/2025,52.0,4.024,406,1036.17,453,16574,679.5,679.5
202505161016_18,18,10,16/5/2025,51.1,3.591,376,835.77,366,10869,425.1,425.1
202505161016_19,19,10,16/5/2025,50.0,3.561,481,872.05,382,13736,492.5,492.5
202505161016_20,20,10,16/5/2025,52.5,3.445,399,915.38,401,11978,461.4,461.4
202505161016_21,21,10,16/5/2025,52.3,3.276,434,866.14,379,11435,410,410
202505161016_22,22,10,16/5/2025,50.9,3.365,328,599.87,262,8056,268.3,268.3
202505161016_23,23,10,16/5/2025,53.9,2.148,347,1019.55,446,12866,490.1,490.1
202505161016_24,24,10,16/5/2025,50.4,4.576,588,1185.78,519,14804,612.5,612.5
202505161016_25,25,10,16/5/2025,53.9,4.430,435,826.52,362,11871,452.2,452.2
202505161016_26,26,10,16/5/2025,53.7,4.179,407,1048.12,459,13984,534.9,534.9
202505161016_27,27,10,16/5/2025,53.5,5.719,424,658.45,288,9040,332.1,332.1
202505161016_28,28,10,16/5/2025,51.3,6.328,419,1048.12,459,14474,6147,6147
202505161016_29,29,10,16/5/2025,53.4,6.649,518,1170,512,18380,741.1,741.1
202505161016_30,30,10,16/5/2025,55.5,4.309,488,1157.54,507,9398,334.6,334.6
202505161016_31,31,10,16/5/2025,52.8,3.976,340,798.88,350,11297,519.6,519.6
202505161016_32,32,10,16/5/2025,51.2,5.097,459,828.36,362,12643,517.2,517.2
202505161016_33,33,10,16/5/2025,52.5,5.085,448,648.27,284,10003,400,400
202505161016_34,34,10,16/5/2025,52.9,3.638,311,637.96,279,8979,332.6,332.6
202505161016_35,35,10,16/5/2025,51.5,4.636,397,845.38,370,13305,499.3,499.3
202505161016_36,36,10,16/5/2025,54.7,4.811,367,594.23,260,9285,332.5,332.5
202505161016_37,37,10,16/5/2025,53.1,4.452,312,698.66,306,9013,375.9,375.9
202505161016_38,38,10,16/5/2025,54.6,5.393,391,591.29,259,9243,381,381
202505161016_39,39,10,16/5/2025,54.3,3.296,245,567.4,248,18379,723.5,723.5
202505161016_40,40,10,16/5/2025,54.2,3.997,309,841.91,368,9991,411,411
202505161016_41,41,10,16/5/2025,47.6,4.707,397,1124.94,492,11808,484.4,484.4
202505161016_42,42,10,16/5/2025,50.4,2.933,209,514.68,225,7241,270.8,270.8
202505161016_43,43,10,16/5/2025,52.3,3.815,413,798.73,350,11845,473.8,473.8
202505161016_44,44,10,16/5/2025,48.2,2.507,212,461.12,202,7199,276.2,276.2
202505161016_45,45,10,16/5/2025,51.8,4.271,453,668.91,293,18130,728.9,728.9
202505161016_46,46,10,16/5/2025,56.6,3.474,357,706.24,309,10792,376.7,376.7
202505161016_47,47,10,16/5/2025,51.0,4.644,360,968.87,424,14939,561.7,561.7
202505161016_48,48,10,16/5/2025,52.6,6.848,287,790,346,13025,504.3,504.3
202505161016_49,49,10,16/5/2025,55.9,4.789,321,867,379,12236,483.9,483.9
202505161016_50,50,10,16/5/2025,56.7,5.324,288,985.59,431,14786,586.9,586.9
202505161016_51,51,10,16/5/2025,51.2,4.306,420,957.22,419,14298,556.5,556.5
202505161016_52,52,10,16/5/2025,51.2,3.546,369,791.43,346,9911,402.8,402.8
202505161016_53,53,10,16/5/2025,51.3,3.901,409,823.26,360,11703,477,477
202505161016_54,54,10,16/5/2025,49.9,3.310,343,733.45,321,11065,428.4,428.4
202505161016_55,55,10,16/5/2025,54.0,4.989,373,737.68,323,12514,528.2,528.2
202505161016_56,56,10,16/5/2025,54.1,4.023,330,874.83,383,11094,456.3,456.3
202505161016_57,57,10,16/5/2025,55.4,4.187,342,894.64,391,13015,511.6,511.6
202505161016_58,58,10,16/5/2025,55.7,3.715,283,940.89,412,15276,620.4,620.4
202505161016_59,59,10,16/5/2025,52.5,4.797,390,583.37,255,8387,340.8,340.8
202505161016_60,60,10,16/5/2025,53.8,5.626,319,964.19,422,15682,634.4,634.4
202505201058_1,1,11,20/5/2025,50.9,7.168,594,978.48,428,14332,509.1,509.1
202505201058_2,2,11,20/5/2025,52.5,4.571,442,752.59,329,12649,455.2,455.2
202505201058_3,3,11,20/5/2025,52.2,3.865,340,724.59,317,8320,271.5,271.5
202505201058_4,4,11,20/5/2025,59.5,3.863,436,865.89,379,12101,439.2,439.2
202505201058_5,5,11,20/5/2025,52.5,6.553,438,986.5,432,16232,568.8,568.8
202505201058_6,6,11,20/5/2025,54.1,4.934,541,1200.58,525,18793,665.4,665.4
202505201058_7,7,11,20/5/2025,53.3,4.246,322,737.74,323,18140,642.7,642.7
202505201058_8,8,11,20/5/2025,54.1,5.049,452,1029.47,450,11306,375.9,375.9
202505201058_9,9,11,20/5/2025,53.3,5.238,560,1186.72,519,8326,295.2,295.2
202505201058_10,10,11,20/5/2025,53.5,5.392,487,938.33,411,14029,518.5,518.5
202505201058_11,11,11,20/5/2025,54.5,3.986,437,1334.87,584,19844,774,774
202505201058_12,12,11,20/5/2025,51.2,6.427,446,828.36,362,12197,441.9,441.9
202505201058_13,13,11,20/5/2025,54.6,5.145,390,972.23,425,15863,569,569
202505201058_14,14,11,20/5/2025,56.2,4.076,371,1076.89,471,16373,639.9,639.9
202505201058_15,15,11,20/5/2025,53.0,5.669,530,1380.04,604,18955,795.1,795.1
202505201058_16,16,11,20/5/2025,51.6,5.101,325,760,333,11706,466.3,466.3
202505201058_17,17,11,20/5/2025,49.4,4.849,406,1036.17,453,16574,679.5,679.5
202505201058_18,18,11,20/5/2025,55.2,4.266,376,835.77,366,10869,425.1,425.1
202505201058_19,19,11,20/5/2025,50.8,4.388,481,872.05,382,13736,492.5,492.5
202505201058_20,20,11,20/5/2025,55.0,5.724,399,915.38,401,11978,461.4,461.4
202505201058_21,21,11,20/5/2025,50.4,5.562,434,866.14,379,11435,410,410
202505201058_22,22,11,20/5/2025,53.9,4.044,328,599.87,262,8056,268.3,268.3
202505201058_23,23,11,20/5/2025,53.9,4.687,347,1019.55,446,12866,490.1,490.1
202505201058_24,24,11,20/5/2025,50.4,4.390,588,1185.78,519,14804,612.5,612.5
202505201058_25,25,11,20/5/2025,53.2,4.957,435,826.52,362,11871,452.2,452.2
202505201058_26,26,11,20/5/2025,52.0,5.308,407,1048.12,459,13984,534.9,534.9
202505201058_27,27,11,20/5/2025,56.7,6.217,424,658.45,288,9040,332.1,332.1
202505201058_28,28,11,20/5/2025,52.9,4.681,419,1048.12,459,14474,6147,6147
202505201058_29,29,11,20/5/2025,54.9,7.091,518,1170,512,18380,741.1,741.1
202505201058_30,30,11,20/5/2025,53.5,5.570,488,1157.54,507,9398,334.6,334.6
202505201058_31,31,11,20/5/2025,52.0,4.089,340,798.88,350,11297,519.6,519.6
202505201058_32,32,11,20/5/2025,51.5,5.105,459,828.36,362,12643,517.2,517.2
202505201058_33,33,11,20/5/2025,54.9,4.703,448,648.27,284,10003,400,400
202505201058_34,34,11,20/5/2025,54.4,3.915,311,637.96,279,8979,332.6,332.6
202505201058_35,35,11,20/5/2025,55.8,5.076,397,845.38,370,13305,499.3,499.3
202505201058_36,36,11,20/5/2025,55.1,5.695,367,594.23,260,9285,332.5,332.5
202505201058_37,37,11,20/5/2025,53.6,5.400,312,698.66,306,9013,375.9,375.9
202505201058_38,38,11,20/5/2025,50.9,4.284,391,591.29,259,9243,381,381
202505201058_39,39,11,20/5/2025,56.7,3.857,245,567.4,248,18379,723.5,723.5
202505201058_40,40,11,20/5/2025,54.6,4.306,309,841.91,368,9991,411,411
202505201058_41,41,11,20/5/2025,53.5,4.736,397,1124.94,492,11808,484.4,484.4
202505201058_42,42,11,20/5/2025,52.6,3.098,209,514.68,225,7241,270.8,270.8
202505201058_43,43,11,20/5/2025,51.5,5.325,413,798.73,350,11845,473.8,473.8
202505201058_44,44,11,20/5/2025,48.9,3.019,212,461.12,202,7199,276.2,276.2
202505201058_45,45,11,20/5/2025,52.1,5.138,453,668.91,293,18130,728.9,728.9
202505201058_46,46,11,20/5/2025,54.3,5.011,357,706.24,309,10792,376.7,376.7
202505201058_47,47,11,20/5/2025,52.2,4.965,360,968.87,424,14939,561.7,561.7
202505201058_48,48,11,20/5/2025,54.5,3.624,287,790,346,13025,504.3,504.3
202505201058_49,49,11,20/5/2025,50.7,6.438,321,867,379,12236,483.9,483.9
202505201058_50,50,11,20/5/2025,54.6,4.429,288,985.59,431,14786,586.9,586.9
202505201058_51,51,11,20/5/2025,52.5,4.444,420,957.22,419,14298,556.5,556.5
202505201058_52,52,11,20/5/2025,49.4,4.937,369,791.43,346,9911,402.8,402.8
202505201058_53,53,11,20/5/2025,51.2,3.703,409,823.26,360,11703,477,477
202505201058_54,54,11,20/5/2025,53.4,5.127,343,733.45,321,11065,428.4,428.4
202505201058_55,55,11,20/5/2025,58.4,4.809,373,737.68,323,12514,528.2,528.2
202505201058_56,56,11,20/5/2025,53.9,5.318,330,874.83,383,11094,456.3,456.3
202505201058_57,57,11,20/5/2025,55.9,5.494,342,894.64,391,13015,511.6,511.6
202505201058_58,58,11,20/5/2025,53.3,3.691,283,940.89,412,15276,620.4,620.4
202505201058_59,59,11,20/5/2025,52.9,5.166,390,583.37,255,8387,340.8,340.8
202505201058_60,60,11,20/5/2025,51.7,5.904,319,964.19,422,15682,634.4,634.4
202505291010_1,1,12,29/5/2025,54.1,4.880,594,978.48,428,14332,509.1,509.1
202505291010_2,2,12,29/5/2025,57.6,5.429,442,752.59,329,12649,455.2,455.2
202505291010_3,3,12,29/5/2025,53.7,2.981,340,724.59,317,8320,271.5,271.5
202505291010_4,4,12,29/5/2025,54.2,3.208,436,865.89,379,12101,439.2,439.2
202505291010_5,5,12,29/5/2025,52.4,3.425,438,986.5,432,16232,568.8,568.8
202505291010_6,6,12,29/5/2025,56.5,3.798,541,1200.58,525,18793,665.4,665.4
202505291010_7,7,12,29/5/2025,52.5,3.102,322,737.74,323,18140,642.7,642.7
202505291010_8,8,12,29/5/2025,51.0,3.350,452,1029.47,450,11306,375.9,375.9
202505291010_9,9,12,29/5/2025,53.1,5.058,560,1186.72,519,8326,295.2,295.2
202505291010_10,10,12,29/5/2025,57.7,4.719,487,938.33,411,14029,518.5,518.5
202505291010_11,11,12,29/5/2025,53.0,2.107,437,1334.87,584,19844,774,774
202505291010_12,12,12,29/5/2025,52.4,4.217,446,828.36,362,12197,441.9,441.9
202505291010_13,13,12,29/5/2025,55.3,4.336,390,972.23,425,15863,569,569
202505291010_14,14,12,29/5/2025,58.3,3.476,371,1076.89,471,16373,639.9,639.9
202505291010_15,15,12,29/5/2025,47.9,3.323,530,1380.04,604,18955,795.1,795.1
202505291010_16,16,12,29/5/2025,40.7,8.079,325,760,333,11706,466.3,466.3
202505291010_17,17,12,29/5/2025,53.1,3.481,406,1036.17,453,16574,679.5,679.5
202505291010_18,18,12,29/5/2025,56.3,3.310,376,835.77,366,10869,425.1,425.1
202505291010_19,19,12,29/5/2025,54.1,3.780,481,872.05,382,13736,492.5,492.5
202505291010_20,20,12,29/5/2025,55.7,4.458,399,915.38,401,11978,461.4,461.4
202505291010_21,21,12,29/5/2025,50.6,3.267,434,866.14,379,11435,410,410
202505291010_22,22,12,29/5/2025,53.7,3.793,328,599.87,262,8056,268.3,268.3
202505291010_23,23,12,29/5/2025,55.8,3.074,347,1019.55,446,12866,490.1,490.1
202505291010_24,24,12,29/5/2025,50.1,3.596,588,1185.78,519,14804,612.5,612.5
202505291010_25,25,12,29/5/2025,53.7,3.776,435,826.52,362,11871,452.2,452.2
202505291010_26,26,12,29/5/2025,56.3,3.674,407,1048.12,459,13984,534.9,534.9
202505291010_27,27,12,29/5/2025,55.5,5.810,424,658.45,288,9040,332.1,332.1
202505291010_28,28,12,29/5/2025,50.3,2.892,419,1048.12,459,14474,6147,6147
202505291010_29,29,12,29/5/2025,52.8,5.324,518,1170,512,18380,741.1,741.1
202505291010_30,30,12,29/5/2025,54.5,4.228,488,1157.54,507,9398,334.6,334.6
202505291010_31,31,12,29/5/2025,48.8,3.910,340,798.88,350,11297,519.6,519.6
202505291010_32,32,12,29/5/2025,46.9,2.171,459,828.36,362,12643,517.2,517.2
202505291010_33,33,12,29/5/2025,50.1,3.516,448,648.27,284,10003,400,400
202505291010_34,34,12,29/5/2025,54.2,2.447,311,637.96,279,8979,332.6,332.6
202505291010_35,35,12,29/5/2025,50.6,3.358,397,845.38,370,13305,499.3,499.3
202505291010_36,36,12,29/5/2025,52.6,3.304,367,594.23,260,9285,332.5,332.5
202505291010_37,37,12,29/5/2025,58.1,4.821,312,698.66,306,9013,375.9,375.9
202505291010_38,38,12,29/5/2025,52.0,4.174,391,591.29,259,9243,381,381
202505291010_39,39,12,29/5/2025,55.4,3.760,245,567.4,248,18379,723.5,723.5
202505291010_40,40,12,29/5/2025,56.4,6.143,309,841.91,368,9991,411,411
202505291010_41,41,12,29/5/2025,48.1,3.677,397,1124.94,492,11808,484.4,484.4
202505291010_42,42,12,29/5/2025,54.8,2.939,209,514.68,225,7241,270.8,270.8
202505291010_43,43,12,29/5/2025,54.1,3.677,413,798.73,350,11845,473.8,473.8
202505291010_44,44,12,29/5/2025,52.8,4.816,212,461.12,202,7199,276.2,276.2
202505291010_45,45,12,29/5/2025,56.1,6.273,453,668.91,293,18130,728.9,728.9
202505291010_46,46,12,29/5/2025,55.7,3.327,357,706.24,309,10792,376.7,376.7
202505291010_47,47,12,29/5/2025,49.8,5.560,360,968.87,424,14939,561.7,561.7
202505291010_48,48,12,29/5/2025,50.5,5.151,287,790,346,13025,504.3,504.3
202505291010_49,49,12,29/5/2025,54.4,4.170,321,867,379,12236,483.9,483.9
202505291010_50,50,12,29/5/2025,54.0,3.239,288,985.59,431,14786,586.9,586.9
202505291010_51,51,12,29/5/2025,50.6,3.890,420,957.22,419,14298,556.5,556.5
202505291010_52,52,12,29/5/2025,54.3,3.998,369,791.43,346,9911,402.8,402.8
202505291010_53,53,12,29/5/2025,57.7,4.461,409,823.26,360,11703,477,477
202505291010_54,54,12,29/5/2025,54.6,5.098,343,733.45,321,11065,428.4,428.4
202505291010_55,55,12,29/5/2025,52.4,4.660,373,737.68,323,12514,528.2,528.2
202505291010_56,56,12,29/5/2025,54.1,5.193,330,874.83,383,11094,456.3,456.3
202505291010_57,57,12,29/5/2025,61.5,2.580,342,894.64,391,13015,511.6,511.6
202505291010_58,58,12,29/5/2025,50.7,3.695,283,940.89,412,15276,620.4,620.4
202505291010_59,59,12,29/5/2025,54.4,3.404,390,583.37,255,8387,340.8,340.8
202505291010_60,60,12,29/5/2025,51.6,4.152,319,964.19,422,15682,634.4,634.4
202506021002_1,1,13,2/6/2025,57.5,4.466,594,978.48,428,14332,509.1,509.1
202506021002_2,2,13,2/6/2025,58.5,3.516,442,752.59,329,12649,455.2,455.2
202506021002_3,3,13,2/6/2025,50.1,3.574,340,724.59,317,8320,271.5,271.5
202506021002_4,4,13,2/6/2025,52.7,5.154,436,865.89,379,12101,439.2,439.2
202506021002_5,5,13,2/6/2025,55.8,4.423,438,986.5,432,16232,568.8,568.8
202506021002_6,6,13,2/6/2025,54.1,4.415,541,1200.58,525,18793,665.4,665.4
202506021002_7,7,13,2/6/2025,52.0,5.401,322,737.74,323,18140,642.7,642.7
202506021002_8,8,13,2/6/2025,51.0,5.283,452,1029.47,450,11306,375.9,375.9
202506021002_9,9,13,2/6/2025,50.6,5.808,560,1186.72,519,8326,295.2,295.2
202506021002_10,10,13,2/6/2025,53.9,5.518,487,938.33,411,14029,518.5,518.5
202506021002_11,11,13,2/6/2025,54.3,4.662,437,1334.87,584,19844,774,774
202506021002_12,12,13,2/6/2025,47.5,5.018,446,828.36,362,12197,441.9,441.9
202506021002_13,13,13,2/6/2025,53.4,5.191,390,972.23,425,15863,569,569
202506021002_14,14,13,2/6/2025,46.4,4.765,371,1076.89,471,16373,639.9,639.9
202506021002_15,15,13,2/6/2025,49.6,5.156,530,1380.04,604,18955,795.1,795.1
202506021002_16,16,13,2/6/2025,53.8,4.564,325,760,333,11706,466.3,466.3
202506021002_17,17,13,2/6/2025,42.1,4.737,406,1036.17,453,16574,679.5,679.5
202506021002_18,18,13,2/6/2025,49.1,4.061,376,835.77,366,10869,425.1,425.1
202506021002_19,19,13,2/6/2025,53.5,3.666,481,872.05,382,13736,492.5,492.5
202506021002_20,20,13,2/6/2025,48.1,5.262,399,915.38,401,11978,461.4,461.4
202506021002_21,21,13,2/6/2025,49.3,3.115,434,866.14,379,11435,410,410
202506021002_22,22,13,2/6/2025,47.0,4.555,328,599.87,262,8056,268.3,268.3
202506021002_23,23,13,2/6/2025,46.1,3.356,347,1019.55,446,12866,490.1,490.1
202506021002_24,24,13,2/6/2025,48.6,4.777,588,1185.78,519,14804,612.5,612.5
202506021002_25,25,13,2/6/2025,50.3,5.308,435,826.52,362,11871,452.2,452.2
202506021002_26,26,13,2/6/2025,53.2,5.990,407,1048.12,459,13984,534.9,534.9
202506021002_27,27,13,2/6/2025,49.6,4.948,424,658.45,288,9040,332.1,332.1
202506021002_28,28,13,2/6/2025,52.9,3.878,419,1048.12,459,14474,6147,6147
202506021002_29,29,13,2/6/2025,51.9,6.421,518,1170,512,18380,741.1,741.1
202506021002_30,30,13,2/6/2025,57.0,4.368,488,1157.54,507,9398,334.6,334.6
202506021002_31,31,13,2/6/2025,51.2,5.319,340,798.88,350,11297,519.6,519.6
202506021002_32,32,13,2/6/2025,42.8,5.072,459,828.36,362,12643,517.2,517.2
202506021002_33,33,13,2/6/2025,50.8,4.008,448,648.27,284,10003,400,400
202506021002_34,34,13,2/6/2025,51.0,3.311,311,637.96,279,8979,332.6,332.6
202506021002_35,35,13,2/6/2025,50.7,4.363,397,845.38,370,13305,499.3,499.3
202506021002_36,36,13,2/6/2025,46.8,5.603,367,594.23,260,9285,332.5,332.5
202506021002_37,37,13,2/6/2025,51.7,4.243,312,698.66,306,9013,375.9,375.9
202506021002_38,38,13,2/6/2025,51.0,4.926,391,591.29,259,9243,381,381
202506021002_39,39,13,2/6/2025,53.7,3.766,245,567.4,248,18379,723.5,723.5
202506021002_40,40,13,2/6/2025,50.5,3.979,309,841.91,368,9991,411,411
202506021002_41,41,13,2/6/2025,47.0,4.698,397,1124.94,492,11808,484.4,484.4
202506021002_42,42,13,2/6/2025,50.5,2.951,209,514.68,225,7241,270.8,270.8
202506021002_43,43,13,2/6/2025,48.2,2.871,413,798.73,350,11845,473.8,473.8
202506021002_44,44,13,2/6/2025,47.6,3.413,212,461.12,202,7199,276.2,276.2
202506021002_45,45,13,2/6/2025,48.2,4.392,453,668.91,293,18130,728.9,728.9
202506021002_46,46,13,2/6/2025,54.1,2.371,357,706.24,309,10792,376.7,376.7
202506021002_47,47,13,2/6/2025,51.0,4.573,360,968.87,424,14939,561.7,561.7
202506021002_48,48,13,2/6/2025,50.9,2.159,287,790,346,13025,504.3,504.3
202506021002_49,49,13,2/6/2025,47.9,3.161,321,867,379,12236,483.9,483.9
202506021002_50,50,13,2/6/2025,52.1,2.724,288,985.59,431,14786,586.9,586.9
202506021002_51,51,13,2/6/2025,46.8,3.640,420,957.22,419,14298,556.5,556.5
202506021002_52,52,13,2/6/2025,54.2,2.888,369,791.43,346,9911,402.8,402.8
202506021002_53,53,13,2/6/2025,48.2,2.152,409,823.26,360,11703,477,477
202506021002_54,54,13,2/6/2025,49.6,5.110,343,733.45,321,11065,428.4,428.4
202506021002_55,55,13,2/6/2025,55.3,3.641,373,737.68,323,12514,528.2,528.2
202506021002_56,56,13,2/6/2025,54.5,4.115,330,874.83,383,11094,456.3,456.3
202506021002_57,57,13,2/6/2025,47.0,2.637,342,894.64,391,13015,511.6,511.6
202506021002_58,58,13,2/6/2025,46.7,3.029,283,940.89,412,15276,620.4,620.4
202506021002_59,59,13,2/6/2025,48.2,4.219,390,583.37,255,8387,340.8,340.8
202506021002_60,60,13,2/6/2025,45.3,4.973,319,964.19,422,15682,634.4,634.4
202506130855_1,1,14,12/6/2025,5.5,3.647,594,978.48,428,14332,509.1,509.1
202506130855_2,2,14,12/6/2025,12.0,4.077,442,752.59,329,12649,455.2,455.2
202506130855_3,3,14,12/6/2025,22.6,4.208,340,724.59,317,8320,271.5,271.5
202506130855_4,4,14,12/6/2025,15.3,3.526,436,865.89,379,12101,439.2,439.2
202506130855_5,5,14,12/6/2025,17.5,3.493,438,986.5,432,16232,568.8,568.8
202506130855_6,6,14,12/6/2025,6.5,3.181,541,1200.58,525,18793,665.4,665.4
202506130855_7,7,14,12/6/2025,24.8,2.796,322,737.74,323,18140,642.7,642.7
202506130855_8,8,14,12/6/2025,14.4,3.642,452,1029.47,450,11306,375.9,375.9
202506130855_9,9,14,12/6/2025,12.0,2.646,560,1186.72,519,8326,295.2,295.2
202506130855_10,10,14,12/6/2025,17.1,3.588,487,938.33,411,14029,518.5,518.5
202506130855_11,11,14,12/6/2025,5.9,3.706,437,1334.87,584,19844,774,774
202506130855_12,12,14,12/6/2025,6.3,2.842,446,828.36,362,12197,441.9,441.9
202506130855_13,13,14,12/6/2025,20.7,3.511,390,972.23,425,15863,569,569
202506130855_14,14,14,12/6/2025,18.1,3.603,371,1076.89,471,16373,639.9,639.9
202506130855_15,15,14,12/6/2025,10.0,3.591,530,1380.04,604,18955,795.1,795.1
202506130855_16,16,14,12/6/2025,3.5,2.874,325,760,333,11706,466.3,466.3
202506130855_17,17,14,12/6/2025,0.0,2.516,406,1036.17,453,16574,679.5,679.5
202506130855_18,18,14,12/6/2025,18.9,2.607,376,835.77,366,10869,425.1,425.1
202506130855_19,19,14,12/6/2025,9.1,1.833,481,872.05,382,13736,492.5,492.5
202506130855_20,20,14,12/6/2025,6.8,2.735,399,915.38,401,11978,461.4,461.4
202506130855_21,21,14,12/6/2025,7.2,2.308,434,866.14,379,11435,410,410
202506130855_22,22,14,12/6/2025,17.3,2.676,328,599.87,262,8056,268.3,268.3
202506130855_23,23,14,12/6/2025,10.5,3.008,347,1019.55,446,12866,490.1,490.1
202506130855_24,24,14,12/6/2025,6.0,2.891,588,1185.78,519,14804,612.5,612.5
202506130855_25,25,14,12/6/2025,8.6,4.273,435,826.52,362,11871,452.2,452.2
202506130855_26,26,14,12/6/2025,12.4,2.772,407,1048.12,459,13984,534.9,534.9
202506130855_27,27,14,12/6/2025,14.6,3.620,424,658.45,288,9040,332.1,332.1
202506130855_28,28,14,12/6/2025,12.1,2.962,419,1048.12,459,14474,6147,6147
202506130855_29,29,14,12/6/2025,22.4,3.080,518,1170,512,18380,741.1,741.1
202506130855_30,30,14,12/6/2025,10.7,3.934,488,1157.54,507,9398,334.6,334.6
202506130855_31,31,14,12/6/2025,7.9,2.683,340,798.88,350,11297,519.6,519.6
202506130855_32,32,14,12/6/2025,4.4,3.364,459,828.36,362,12643,517.2,517.2
202506130855_33,33,14,12/6/2025,21.1,3.003,448,648.27,284,10003,400,400
202506130855_34,34,14,12/6/2025,7.2,2.366,311,637.96,279,8979,332.6,332.6
202506130855_35,35,14,12/6/2025,6.6,4.577,397,845.38,370,13305,499.3,499.3
202506130855_36,36,14,12/6/2025,22.9,3.301,367,594.23,260,9285,332.5,332.5
202506130855_37,37,14,12/6/2025,13.5,3.627,312,698.66,306,9013,375.9,375.9
202506130855_38,38,14,12/6/2025,32.9,3.738,391,591.29,259,9243,381,381
202506130855_39,39,14,12/6/2025,18.4,3.023,245,567.4,248,18379,723.5,723.5
202506130855_40,40,14,12/6/2025,22.6,3.863,309,841.91,368,9991,411,411
202506130855_41,41,14,12/6/2025,4.0,2.633,397,1124.94,492,11808,484.4,484.4
202506130855_42,42,14,12/6/2025,12.2,2.812,209,514.68,225,7241,270.8,270.8
202506130855_43,43,14,12/6/2025,1.1,3.171,413,798.73,350,11845,473.8,473.8
202506130855_44,44,14,12/6/2025,19.5,3.708,212,461.12,202,7199,276.2,276.2
202506130855_45,45,14,12/6/2025,3.7,3.403,453,668.91,293,18130,728.9,728.9
202506130855_46,46,14,12/6/2025,9.6,3.843,357,706.24,309,10792,376.7,376.7
202506130855_47,47,14,12/6/2025,21.4,2.989,360,968.87,424,14939,561.7,561.7
202506130855_48,48,14,12/6/2025,7.3,2.574,287,790,346,13025,504.3,504.3
202506130855_49,49,14,12/6/2025,19.9,2.326,321,867,379,12236,483.9,483.9
202506130855_50,50,14,12/6/2025,14.1,2.255,288,985.59,431,14786,586.9,586.9
202506130855_51,51,14,12/6/2025,5.5,2.754,420,957.22,419,14298,556.5,556.5
202506130855_52,52,14,12/6/2025,2.9,2.995,369,791.43,346,9911,402.8,402.8
202506130855_53,53,14,12/6/2025,4.5,3.194,409,823.26,360,11703,477,477
202506130855_54,54,14,12/6/2025,12.6,3.734,343,733.45,321,11065,428.4,428.4
202506130855_55,55,14,12/6/2025,29.3,3.151,373,737.68,323,12514,528.2,528.2
202506130855_56,56,14,12/6/2025,21.0,4.231,330,874.83,383,11094,456.3,456.3
202506130855_57,57,14,12/6/2025,12.0,3.168,342,894.64,391,13015,511.6,511.6
202506130855_58,58,14,12/6/2025,10.0,2.437,283,940.89,412,15276,620.4,620.4
202506130855_59,59,14,12/6/2025,11.5,2.391,390,583.37,255,8387,340.8,340.8
202506130855_60,60,14,12/6/2025,8.0,1.767,319,964.19,422,15682,634.4,634.4